#kernel,ldk #17,ldk #18,ldk #19,ldk #20,ldk #21,ldk #22,ldk #23,ldk #24,ldk #25,ldk #26,ldk #36,ldk #37,ldk #38,ldk #39,ldk #40,ldk #41,ldk #42,ldk #43,ldk #44,ldk #45,ldk #46,ldk #47
0.0,-0.36837248230994274,-0.3677981076755353,-0.3864200967564108,-0.4065462817982927,-0.4155197922616999,-0.39890811343807564,-0.3914130553403341,-0.3923641402237194,-0.3934942783541413,-0.39176379642538395,-0.37857691635216767,-0.36683170592349024,-0.37047277597923206,-0.3971681624420165,-0.3901844354223273,-0.3834034117056697,-0.4091192172603106,-0.3581564817783987,-0.3567964764184844,-0.3780174189415521,-0.38779124579668445,-0.3965374859802273
1.0,0.7121763668430329,0.7211879791783462,0.7243876743373922,0.7096535883761835,0.6896603738227719,0.710784499830665,0.7043210529291452,0.6938059261630699,0.7095033964078922,0.7216136932948284,0.71379236999382,0.7800360525464923,0.770915086370862,0.7244200430337868,0.6786953936874993,0.6934885313468749,0.7370615850319288,0.7924477914477364,0.7856325069415623,0.7148262308760497,0.6885634124011863,0.7062928525433179
2.0,0.060758348692063646,0.05297996138179257,0.0430488664873576,0.025507806565058595,0.00860627358604145,0.010995191439316898,0.017255912256350175,0.020131405384001398,0.026932953310499712,0.028692082095829484,-0.009703090657001104,-0.036851480859434516,-0.03756957626017843,0.010322264315125963,0.0127190180501577,0.008658566546152546,-0.008929706339354958,-0.03428349980906447,-0.03740853205090446,-0.026287678240042515,-0.01317027793321252,0.0013520143223176905
3.0,2.2946834042833038,2.397028462916073,2.415801199969905,2.3788476262459812,2.355393576399844,2.316770907832113,2.200296412752405,2.140526391728958,2.13136481515229,2.066696093742053,3.3666940055228345,4.2813037874561095,4.074358289898219,2.659831061994722,2.6485201227902753,2.9211155315075463,2.6718335006131952,4.2643360140027085,4.28304846127171,3.223663371752038,2.6343129554181965,2.48491632485542
