#kernel,ldk #17,ldk #18,ldk #19,ldk #20,ldk #21,ldk #22,ldk #23,ldk #24,ldk #25,ldk #26,ldk #36,ldk #37,ldk #38,ldk #39,ldk #40,ldk #41,ldk #42,ldk #43,ldk #44,ldk #45,ldk #46,ldk #47
0.0,-0.3540324205879128,-0.33902803276035276,-0.3370133921469544,-0.34969757606938634,-0.3611515851603716,-0.36690802249215754,-0.3534926484420494,-0.3523011508768081,-0.3514436728434011,-0.34195122668365174,-0.33198426687272115,-0.30601963534980087,-0.30999774079712344,-0.3390145623566883,-0.3454670062083315,-0.3446686780320018,-0.3546027558885604,-0.2969855093749233,-0.2964121049156873,-0.3204121436516863,-0.32911487505081727,-0.34612892691790265
1.0,0.11448714468328484,0.10103481880212983,0.0842274305250511,0.07262692546464,0.06610734017509794,0.0639494366048569,0.06920157187843591,0.07974393819217536,0.07652133828968226,0.08586994328557594,0.03259651189343822,0.029302981871415567,0.025525159087297362,0.05165945940846964,0.053129791698501634,0.04327662398181939,0.043109523975377005,0.04203062874095278,0.036852805275339566,0.027845010113858922,0.03513325126530236,0.04676934407220371
2.0,2.1000922450264814,2.2821300702563105,2.3523355316245986,2.384468014070092,2.544813567816101,2.5002296272091526,2.353922141256746,2.3169855867912297,2.133440197002879,2.0810986758129784,3.9712108094237335,5.2582569588317165,5.047019431077086,2.8241965306578947,2.946396819461876,3.3430302450808167,3.0666508186232964,5.374547771001624,5.416863003147288,3.952180526185675,3.1896246097127845,2.8991709111267627
3.0,1.0539289306880744,1.1002485507413484,1.0528050477750652,1.019989011369704,0.9889791222212847,1.0216430615714895,1.0167005731420549,1.016617729989742,1.0011105758923384,1.0083208771033532,1.1095578227632994,1.2057676849683745,1.1952310719439192,1.0658907703873397,1.045600001741237,1.0664937881962955,1.0622299501628127,1.1990940425736911,1.192547048757781,1.0545631690567112,1.0043373381764538,1.01412956976836
