#kernel,ldk #17,ldk #18,ldk #19,ldk #20,ldk #21,ldk #22,ldk #23,ldk #24,ldk #25,ldk #26,ldk #36,ldk #37,ldk #38,ldk #39,ldk #40,ldk #41,ldk #42,ldk #43,ldk #44,ldk #45,ldk #46,ldk #47
0.0,-0.35898276640557564,-0.35583396948148305,-0.3496605766381434,-0.36363672927507457,-0.3648665403397005,-0.3534233167073182,-0.3568101704862635,-0.34913281211480146,-0.35139517780665813,-0.3464217712662169,-0.3154221668367001,-0.29785266007518874,-0.30259264343552356,-0.3532666223346261,-0.3193061076590486,-0.32010009905798364,-0.35019367881756686,-0.2920743791241848,-0.29152704082567915,-0.3118685067652175,-0.3378818601436131,-0.34824366468172385
1.0,2.5852997544446725,2.7570088143148417,2.771289600077783,2.730413789750103,2.71541474734845,2.5346302890273464,2.4287474878614854,2.3953722860760704,2.3435432382274604,2.32137939459567,3.9042253251630066,4.712267055471287,4.531856556873642,2.9221128656562994,2.8939077713625583,3.2687973437816895,2.9410083283131976,4.685306161475132,4.76396434086529,3.6574508438473754,3.0134987772052084,2.7650402954289954
2.0,0.7713065850324026,0.8206616075735103,0.8064714832447697,0.8025842358486118,0.7974248473772529,0.8199931375007522,0.7970634849064298,0.7817306124459623,0.7997604205987225,0.8085940023603818,0.8773926790553982,0.9851455332249186,0.9845932844265033,0.8482878264723844,0.7911132421144329,0.8089584905463514,0.8568940949443034,0.9942387470543398,1.005412542706642,0.8781998185594722,0.8294625972080928,0.8181283754899623
3.0,0.06472647746863286,0.0604708977338367,0.06162576258313596,0.05110157731745704,0.04009112497426525,0.05454824156991032,0.04488127444511784,0.0549341967258796,0.05368110965440781,0.05572507531384557,0.006975050739515425,-0.007565742626485534,-0.00930999511204658,0.012481426720448047,0.02361967409135822,0.0158747283379717,0.007953099228025328,-0.0019377022663893573,-0.006310402044213017,-0.009108665214269973,-0.0044205794078982855,0.006886382256770144
