#kernel,ldk #17,ldk #18,ldk #19,ldk #20,ldk #21,ldk #22,ldk #23,ldk #24,ldk #25,ldk #26,ldk #36,ldk #37,ldk #38,ldk #39,ldk #40,ldk #41,ldk #42,ldk #43,ldk #44,ldk #45,ldk #46,ldk #47
0.0,-0.36248749681871556,-0.3445887941722292,-0.3512114025409603,-0.37262037036577844,-0.37320371454957746,-0.3743266139912563,-0.36274810669568974,-0.36476076125578216,-0.35808635115574644,-0.3642533748940463,-0.3417044891543735,-0.32122261480099507,-0.3266276509966215,-0.3597931010235604,-0.3549996445240803,-0.3405364617271133,-0.36822368412797457,-0.3226995417838944,-0.32041372193458956,-0.34702321168248274,-0.3569358162681314,-0.3686615960477635
1.0,2.4742497302108504,2.588587813103565,2.6488245581558876,2.6359793705370023,2.6158490108011447,2.502966133911379,2.4280623424442394,2.366391349889504,2.2824688833729794,2.296613708513233,3.9440928491385088,4.9618186507282,4.796635244445371,2.9152795412297356,2.966238140571065,3.281864706237541,2.985979380476371,4.969248870142415,5.061899134437649,3.768936807110735,3.049762385954735,2.7641118473875395
2.0,0.8187479004525918,0.8448492002450453,0.8399949725879643,0.8298411377647977,0.800157280404142,0.8194574845109094,0.8257996588500152,0.8026472228867001,0.806486242168943,0.8217662223777754,0.8926521424835574,0.9967523175238329,0.996088025690709,0.8445153464544413,0.8188829041738069,0.8322750311466722,0.8611801102624553,1.0047652502916795,1.0172040734868115,0.8799282276014065,0.8364880514317781,0.8170333992812691
3.0,0.08576885119010434,0.0832684097124411,0.07794703306475542,0.06500924160680056,0.05425222579858671,0.04872387172553422,0.061454825526206035,0.06086672427230964,0.06694262400038666,0.064750094108784,0.013506869938025056,0.0009799462752002608,0.0011409814133466947,0.029872245998891215,0.034248718344519286,0.0322556612755913,0.020419897514623996,0.003976521308705719,0.004654768691958478,0.002774234426002892,0.016999975885807303,0.021222130609380625
